﻿<?xml version="1.0"?>
<Studenti>
  <Studente>
    <Matricola>11258</Matricola>
    <Nome>Piero</Nome>
    <Cognome>Giuliani</Cognome>
    <Email>giuliani.piero@studenti.itis.net</Email>
    <Classe>1A</Classe>
  </Studente>
  <Studente>
    <Matricola>11259</Matricola>
    <Nome>Laura</Nome>
    <Cognome>De Stena</Cognome>
    <Email>destena.laura@studenti.itis.net</Email>
    <Classe>2A</Classe>
  </Studente>
  <Studente>
    <Matricola>11260</Matricola>
    <Nome>Giulia</Nome>
    <Cognome>Caruso</Cognome>
    <Email>caruso.giulia@studenti.itis.net</Email>
    <Classe>3B</Classe>
  </Studente>
  <Studente>
    <Matricola>11261</Matricola>
    <Nome>Francesco</Nome>
    <Cognome>Cocco</Cognome>
    <Email>cocco.francesco@studenti.itis.net</Email>
    <Classe>4C</Classe>
  </Studente>
  <Studente>
    <Matricola>11262</Matricola>
    <Nome>Giulio</Nome>
    <Cognome>Marchese</Cognome>
    <Email>marchese.giulio@studenti.itis.net</Email>
    <Classe>1B</Classe>
  </Studente>
  <Studente>
    <Matricola>11263</Matricola>
    <Nome>Mauro</Nome>
    <Cognome>Marchesato</Cognome>
    <Email>marchesato.mauro@studenti.itis.net</Email>
    <Classe>4C</Classe>
  </Studente>
  <Studente>
    <Matricola>11264</Matricola>
    <Nome>Murizio</Nome>
    <Cognome>Conciello</Cognome>
    <Email>conciello.murizio@studenti.itis.net</Email>
    <Classe>1A</Classe>
  </Studente>
  <Studente>
    <Matricola>11265</Matricola>
    <Nome>Andrea</Nome>
    <Cognome>De Blasi</Cognome>
    <Email>deblasi.andrea@studenti.itis.net</Email>
    <Classe>3B</Classe>
  </Studente>
  <Studente>
    <Matricola>11266</Matricola>
    <Nome>Lorena</Nome>
    <Cognome>Di Stefano</Cognome>
    <Email>di stefano.lorena@studenti.itis.net</Email>
    <Classe>4D</Classe>
  </Studente>
  <Studente>
    <Matricola>11267</Matricola>
    <Nome>Maria</Nome>
    <Cognome>Balocco</Cognome>
    <Email>balocco.maria@studenti.itis.net</Email>
    <Classe>1B</Classe>
  </Studente>
  <Studente>
    <Matricola>11268</Matricola>
    <Nome>Francesca</Nome>
    <Cognome>Barlocco</Cognome>
    <Email>barlocco.francesca@studenti.itis.net</Email>
    <Classe>5A</Classe>
  </Studente>
  <Studente>
    <Matricola>11269</Matricola>
    <Nome>Giuliana</Nome>
    <Cognome>Casini</Cognome>
    <Email>casini.giuliana@studenti.itis.net</Email>
    <Classe>5D</Classe>
  </Studente>
  <Studente>
    <Matricola>11270</Matricola>
    <Nome>Silvia</Nome>
    <Cognome>Sampietro</Cognome>
    <Email>sampietro.silvia@studenti.itis.net</Email>
    <Classe>5A</Classe>
  </Studente>
  <Studente>
    <Matricola>11271</Matricola>
    <Nome>Simone</Nome>
    <Cognome>Cerrina</Cognome>
    <Email>cerrina.simone@studenti.itis.net</Email>
    <Classe>5C</Classe>
  </Studente>
  <Studente>
    <Matricola>11272</Matricola>
    <Nome>Francesco</Nome>
    <Cognome>Cesco</Cognome>
    <Email>cesco.francesco@studenti.itis.net</Email>
    <Classe>3B</Classe>
  </Studente>
  <Studente>
    <Matricola>11273</Matricola>
    <Nome>Roberto</Nome>
    <Cognome>Alibrando</Cognome>
    <Email>alibrando.roberto@studenti.itis.net</Email>
    <Classe>1A</Classe>
  </Studente>
  <Studente>
    <Matricola>11274</Matricola>
    <Nome>Roberta</Nome>
    <Cognome>Alibrandi</Cognome>
    <Email>alibrandi.roberta@studenti.itis.net</Email>
    <Classe>4C</Classe>
  </Studente>
  <Studente>
    <Matricola>11275</Matricola>
    <Nome>Andrea</Nome>
    <Cognome>Cataldi</Cognome>
    <Email>cataldi.andrea@studenti.itis.net</Email>
    <Classe>5A</Classe>
  </Studente>
  <Studente>
    <Matricola>11276</Matricola>
    <Nome>Anna</Nome>
    <Cognome>Carli</Cognome>
    <Email>carli.anna@studenti.itis.net</Email>
    <Classe>3B</Classe>
  </Studente>
  <Studente>
    <Matricola>11277</Matricola>
    <Nome>Antonio</Nome>
    <Cognome>Carletto</Cognome>
    <Email>carletto.antonio@studenti.itis.net</Email>
    <Classe>5D</Classe>
  </Studente>
  <Studente>
    <Matricola>11278</Matricola>
    <Nome>Lorena</Nome>
    <Cognome>Carlino</Cognome>
    <Email>carlino.lorena@studenti.itis.net</Email>
    <Classe>5A</Classe>
  </Studente>
  <Studente>
    <Matricola>11279</Matricola>
    <Nome>Loretta</Nome>
    <Cognome>Carlini</Cognome>
    <Email>carlini.loretta@studenti.itis.net</Email>
    <Classe>5C</Classe>
  </Studente>
  <Studente>
    <Matricola>11280</Matricola>
    <Nome>Roberto</Nome>
    <Cognome>Coluccio</Cognome>
    <Email>coluccio.roberto@studenti.itis.net</Email>
    <Classe>3B</Classe>
  </Studente>
  <Studente>
    <Matricola>11281</Matricola>
    <Nome>Francesco</Nome>
    <Cognome>Gianfri</Cognome>
    <Email>gianfri.francesco@studenti.itis.net</Email>
    <Classe>4C</Classe>
  </Studente>
  <Studente>
    <Matricola>11282</Matricola>
    <Nome>Alessandro</Nome>
    <Cognome>Giacobbe</Cognome>
    <Email>giacobbe.alessandro@studenti.itis.net</Email>
    <Classe>5C</Classe>
  </Studente>
  <Studente>
    <Matricola>11283</Matricola>
    <Nome>Valerio</Nome>
    <Cognome>Cau</Cognome>
    <Email>cau.valerio@studenti.itis.net</Email>
    <Classe>4C</Classe>
  </Studente>
  <Studente>
    <Matricola>11284</Matricola>
    <Nome>Andrea</Nome>
    <Cognome>Dattola</Cognome>
    <Email>dattola.andrea@studenti.itis.net</Email>
    <Classe>4D</Classe>
  </Studente>
  <Studente>
    <Matricola>11285</Matricola>
    <Nome>Roberta</Nome>
    <Cognome>Dattilo</Cognome>
    <Email>dattilo.roberta@studenti.itis.net</Email>
    <Classe>5A</Classe>
  </Studente>
  <Studente>
    <Matricola>11286</Matricola>
    <Nome>Alessandra</Nome>
    <Cognome>Dorianello</Cognome>
    <Email>dorianello.alessandra@studenti.itis.net</Email>
    <Classe>1B</Classe>
  </Studente>
  <Studente>
    <Matricola>11287</Matricola>
    <Nome>Alessandro</Nome>
    <Cognome>Miglio</Cognome>
    <Email>miglio.alessandro@studenti.itis.net</Email>
    <Classe>5B</Classe>
  </Studente>
  <Studente>
    <Matricola>11288</Matricola>
    <Nome>Andrea</Nome>
    <Cognome>Maglie</Cognome>
    <Email>maglie.andrea@studenti.itis.net</Email>
    <Classe>1A</Classe>
  </Studente>
  <Studente>
    <Matricola>11289</Matricola>
    <Nome>Maria</Nome>
    <Cognome>Moglie</Cognome>
    <Email>moglie.maria@studenti.itis.net</Email>
    <Classe>5B</Classe>
  </Studente>
  <Studente>
    <Matricola>11290</Matricola>
    <Nome>Alessandra</Nome>
    <Cognome>Sturari</Cognome>
    <Email>sturari.alessandra@studenti.itis.net</Email>
    <Classe>5B</Classe>
  </Studente>
  <Studente>
    <Matricola>11291</Matricola>
    <Nome>Francesco</Nome>
    <Cognome>Sturello</Cognome>
    <Email>sturello.francesco@studenti.itis.net</Email>
    <Classe>1A</Classe>
  </Studente>
  <Studente>
    <Matricola>11292</Matricola>
    <Nome>Giuseppe</Nome>
    <Cognome>Zaccone</Cognome>
    <Email>zaccone.giuseppe@studenti.itis.net</Email>
    <Classe>5B</Classe>
  </Studente>
  <Studente>
    <Matricola>11293</Matricola>
    <Nome>Roberto</Nome>
    <Cognome>Zito</Cognome>
    <Email>zito.roberto@studenti.itis.net</Email>
    <Classe>2A</Classe>
  </Studente>
  <Studente>
    <Matricola>11294</Matricola>
    <Nome>Alessandra</Nome>
    <Cognome>Zucco</Cognome>
    <Email>zucco.alessandra@studenti.itis.net</Email>
    <Classe>1A</Classe>
  </Studente>
  <Studente>
    <Matricola>11295</Matricola>
    <Nome>Francesca</Nome>
    <Cognome>Zazzera</Cognome>
    <Email>zazzera.francesca@studenti.itis.net</Email>
    <Classe>3B</Classe>
  </Studente>
  <Studente>
    <Matricola>11296</Matricola>
    <Nome>Andrea</Nome>
    <Cognome>Paolillo</Cognome>
    <Email>paolillo.andrea@studenti.itis.net</Email>
    <Classe>1A</Classe>
  </Studente>
  <Studente>
    <Matricola>11297</Matricola>
    <Nome>Alessandra</Nome>
    <Cognome>Paone</Cognome>
    <Email>paone.alessandra@studenti.itis.net</Email>
    <Classe>4C</Classe>
  </Studente>
  <Studente>
    <Matricola>11298</Matricola>
    <Nome>Simone</Nome>
    <Cognome>Paoletti</Cognome>
    <Email>paoletti.simone@studenti.itis.net</Email>
    <Classe>1A</Classe>
  </Studente>
  <Studente>
    <Matricola>11299</Matricola>
    <Nome>Gennaro</Nome>
    <Cognome>Pollo</Cognome>
    <Email>pollo.gennaro@studenti.itis.net</Email>
    <Classe>5B</Classe>
  </Studente>
  <Studente>
    <Matricola>11300</Matricola>
    <Nome>Anna</Nome>
    <Cognome>Capra</Cognome>
    <Email>capra.anna@studenti.itis.net</Email>
    <Classe>1B</Classe>
  </Studente>
  <Studente>
    <Matricola>11301</Matricola>
    <Nome>Antonio</Nome>
    <Cognome>Cipro</Cognome>
    <Email>cipro.antonio@studenti.itis.net</Email>
    <Classe>1A</Classe>
  </Studente>
  <Studente>
    <Matricola>11302</Matricola>
    <Nome>Simone</Nome>
    <Cognome>Coppola</Cognome>
    <Email>coppola.simone@studenti.itis.net</Email>
    <Classe>3A</Classe>
  </Studente>
  <Studente>
    <Matricola>11303</Matricola>
    <Nome>Andrea</Nome>
    <Cognome>Chiapello</Cognome>
    <Email>chiapello.andrea@studenti.itis.net</Email>
    <Classe>2D</Classe>
  </Studente>
  <Studente>
    <Matricola>11304</Matricola>
    <Nome>Giacomo</Nome>
    <Cognome>Chieppa</Cognome>
    <Email>chieppa.giacomo@studenti.itis.net</Email>
    <Classe>3A</Classe>
  </Studente>
  <Studente>
    <Matricola>11305</Matricola>
    <Nome>Silvia</Nome>
    <Cognome>Cosco</Cognome>
    <Email>cosco.silvia@studenti.itis.net</Email>
    <Classe>2D</Classe>
  </Studente>
  <Studente>
    <Matricola>11306</Matricola>
    <Nome>Michele</Nome>
    <Cognome>Casco</Cognome>
    <Email>casco.michele@studenti.itis.net</Email>
    <Classe>3A</Classe>
  </Studente>
  <Studente>
    <Matricola>11307</Matricola>
    <Nome>Paola</Nome>
    <Cognome>Ceppi</Cognome>
    <Email>ceppi.paola@studenti.itis.net</Email>
    <Classe>5B</Classe>
  </Studente>
  <Studente>
    <Matricola>11308</Matricola>
    <Nome>Mattia</Nome>
    <Cognome>Quazza</Cognome>
    <Email>quazza.mattia@studenti.itis.net</Email>
    <Classe>1B</Classe>
  </Studente>
  <Studente>
    <Matricola>11309</Matricola>
    <Nome>Simone</Nome>
    <Cognome>Querio</Cognome>
    <Email>querio.simone@studenti.itis.net</Email>
    <Classe>2D</Classe>
  </Studente>
  <Studente>
    <Matricola>11310</Matricola>
    <Nome>Andrea</Nome>
    <Cognome>Maiulati</Cognome>
    <Email>maiulati.andrea@studenti.itis.net</Email>
    <Classe>2A</Classe>
  </Studente>
  <Studente>
    <Matricola>11311</Matricola>
    <Nome>Antonella</Nome>
    <Cognome>Mastello</Cognome>
    <Email>mastello.antonella@studenti.itis.net</Email>
    <Classe>1A</Classe>
  </Studente>
  <Studente>
    <Matricola>11312</Matricola>
    <Nome>Giacomo</Nome>
    <Cognome>Mostello</Cognome>
    <Email>mostello.giacomo@studenti.itis.net</Email>
    <Classe>5B</Classe>
  </Studente>
  <Studente>
    <Matricola>11313</Matricola>
    <Nome>Francesca</Nome>
    <Cognome>Mirenzi</Cognome>
    <Email>mirenzi.francesca@studenti.itis.net</Email>
    <Classe>5B</Classe>
  </Studente>
  <Studente>
    <Matricola>11314</Matricola>
    <Nome>Sofia</Nome>
    <Cognome>Morbelli</Cognome>
    <Email>morbelli.sofia@studenti.itis.net</Email>
    <Classe>3A</Classe>
  </Studente>
  <Studente>
    <Matricola>11315</Matricola>
    <Nome>Paolo</Nome>
    <Cognome>Lo Presti</Cognome>
    <Email>lopresti.paolo@studenti.itis.net</Email>
    <Classe>5C</Classe>
  </Studente>
  <Studente>
    <Matricola>11316</Matricola>
    <Nome>Antonella</Nome>
    <Cognome>Nizar</Cognome>
    <Email>nizar.antonella@studenti.itis.net</Email>
    <Classe>5B</Classe>
  </Studente>
  <Studente>
    <Matricola>11317</Matricola>
    <Nome>Maurizio</Nome>
    <Cognome>Macrì</Cognome>
    <Email>macrì.maurizio@studenti.itis.net</Email>
    <Classe>1B</Classe>
  </Studente>
  <Studente>
    <Matricola>11318</Matricola>
    <Nome>Giacomo</Nome>
    <Cognome>Rania</Cognome>
    <Email>rania.giacomo@studenti.itis.net</Email>
    <Classe>2D</Classe>
  </Studente>
  <Studente>
    <Matricola>11319</Matricola>
    <Nome>Simone</Nome>
    <Cognome>Valentino</Cognome>
    <Email>valentino.simone@studenti.itis.net</Email>
    <Classe>2D</Classe>
  </Studente>
  <Studente>
    <Matricola>11320</Matricola>
    <Nome>Antonella</Nome>
    <Cognome>Giacometti</Cognome>
    <Email>giacometti.antonella@studenti.itis.net</Email>
    <Classe>5B</Classe>
  </Studente>
  <Studente>
    <Matricola>11321</Matricola>
    <Nome>Ilaria</Nome>
    <Cognome>Antonelli</Cognome>
    <Email>antonelli.ilaria@studenti.itis.net</Email>
    <Classe>1A</Classe>
  </Studente>
  <Studente>
    <Matricola>11322</Matricola>
    <Nome>Andrea</Nome>
    <Cognome>Occhiello</Cognome>
    <Email>occhiello.andrea@studenti.itis.net</Email>
    <Classe>5B</Classe>
  </Studente>
  <Studente>
    <Matricola>11323</Matricola>
    <Nome>Ilaria</Nome>
    <Cognome>Ombrello</Cognome>
    <Email>ombrello.ilaria@studenti.itis.net</Email>
    <Classe>5B</Classe>
  </Studente>
  <Studente>
    <Matricola>11324</Matricola>
    <Nome>Paolo</Nome>
    <Cognome>Aragona</Cognome>
    <Email>aragona.paolo@studenti.itis.net</Email>
    <Classe>1A</Classe>
  </Studente>
  <Studente>
    <Matricola>11325</Matricola>
    <Nome>Paola</Nome>
    <Cognome>Ali</Cognome>
    <Email>ali.paola@studenti.itis.net</Email>
    <Classe>2A</Classe>
  </Studente>
  <Studente>
    <Matricola>11326</Matricola>
    <Nome>Sofia</Nome>
    <Cognome>Maffucci</Cognome>
    <Email>maffucci.sofia@studenti.itis.net</Email>
    <Classe>5B</Classe>
  </Studente>
  <Studente>
    <Matricola>11327</Matricola>
    <Nome>Vito</Nome>
    <Cognome>Conversano</Cognome>
    <Email>conversano.vito@studenti.itis.net</Email>
    <Classe>3A</Classe>
  </Studente>
  <Studente>
    <Matricola>11328</Matricola>
    <Nome>Francesca</Nome>
    <Cognome>Capistrano</Cognome>
    <Email>capistrano.francesca@studenti.itis.net</Email>
    <Classe>1A</Classe>
  </Studente>
  <Studente>
    <Matricola>11329</Matricola>
    <Nome>Sofia</Nome>
    <Cognome>Cocci</Cognome>
    <Email>cocci.sofia@studenti.itis.net</Email>
    <Classe>5B</Classe>
  </Studente>
  <Studente>
    <Matricola>11330</Matricola>
    <Nome>Simone</Nome>
    <Cognome>Porti</Cognome>
    <Email>porti.simone@studenti.itis.net</Email>
    <Classe>2A</Classe>
  </Studente>
  <Studente>
    <Matricola>11331</Matricola>
    <Nome>Simone</Nome>
    <Cognome>Palermo</Cognome>
    <Email>palermo.simone@studenti.itis.net</Email>
    <Classe>5B</Classe>
  </Studente>
</Studenti>